"","matchid","pep_effect","learning_time","learning_num","binary_learning","iqms_avg","effort_enjoyment","anxiety","self_efficacy","self_perc_talent","achievement_mot","self_ability_bf","other_ability_bf","together_ability","control_effort","control_ability","effort_approach","effort_avoidance","task_approach","task_avoidance","self_approach","iq_security","iq_importance","study","study_text","setback_experience","success_imp_1","task_enjoyment_1","task_enjoyment_2","gender","age","semester_1","semester_2","gpa_reversed","academic_succ_experience","first_gen"
"1",83591,0.0170925184810523,3.544,1,1,4.66666666666667,3.58333333333333,5.5,4.14285714285714,4,4.4,4.75,4.25,4.5,6,4,4,2.5,4,4,2,4,4,"Medizin, Gesundheitswissenschaften, Psychologie",NA,1,4,2,4,"female",24,"> 10","5",4.5,3,1
"2",275892,-0.0171895729064035,110.602,3,1,5.33333333333333,3.91666666666667,4.75,3.85714285714286,4.5,3.2,3.25,3.5,3.375,4.5,5,4,4,3,2,4,3,3,"Medizin, Gesundheitswissenschaften, Psychologie",NA,1,3,3,4,"female",20,"1.","1",4.3,3,1
"3",2867626,0.134515851559957,6.513,1,1,4.16666666666667,4.25,4.25,2.71428571428571,3.5,4.8,4.25,4.5,4.375,4.5,1,6,1,4,5,4,3,1,"Medizin, Gesundheitswissenschaften, Psychologie",NA,2,4,2,3,"female",18,"1.","1",4.3,4,0
"4",3382417,-0.0164244222196102,181.991,6,1,3.66666666666667,3.91666666666667,3.25,4.14285714285714,5,4.3,4.75,4.75,4.75,5,4,4.5,2,4,2,5,4,4,"Medizin, Gesundheitswissenschaften, Psychologie",NA,2,4,2,4,"male",32,"9.","1",3.6,4,0
"5",7345335,0.00577224180589914,101.975,6,1,5,4.08333333333333,2.75,3,3.5,5.1,1.25,2,1.625,4,4,5,1,4,4,2,4,1,"Sonstiges, und zwar:","Psychologie",1,3,3,4,"female",21,"1.","3",4,3,1
"6",10938881,-0.0962702586043387,13.315,1,1,2,4.08333333333333,5.25,3.42857142857143,3,3.3,2.75,4.5,3.625,4,3,3.5,1,4,3,3,4,1,"Medizin, Gesundheitswissenschaften, Psychologie",NA,1,4,1,5,"female",21,"1.","1",3.6,3,1
"7",24751631,-0.00616463817755598,65.382,4,1,2.33333333333333,2.83333333333333,4.75,3.57142857142857,3.5,4,4.75,4.5,4.625,2.5,4,5,2.5,5,4,3,4,3,"Medizin, Gesundheitswissenschaften, Psychologie",NA,1,6,3,5,"female",18,"1.","1",5,4,1
"8",29010900,0.00785806369849157,57.246,3,1,5.16666666666667,2.75,4.75,2.85714285714286,4,3.6,3,4.25,3.625,6,4,3.5,1,6,3,5,4,3,"Medizin, Gesundheitswissenschaften, Psychologie",NA,1,5,2,4,"male",21,"3.","3",3,3,0
"9",39751531,0.0566368434381712,156.241,6,1,2,3.25,3,4,4.5,4.2,4,4,4,4,2,5,2.5,6,3,5,5,4,"Medizin, Gesundheitswissenschaften, Psychologie",NA,1,5,2,5,"male",21,"3.","1",3.6,3,0
"10",40876045,-0.0309194431549868,69.245,3,1,3.83333333333333,2.91666666666667,4.5,2.85714285714286,2,3.6,3.75,3,3.375,4.5,3,5,1,5,4,4,3,4,"Sonstiges, und zwar:","Psychologie",1,4,5,5,"female",20,"1.","1",3.7,3,1
"11",48686046,0.0393154830330628,164.704,5,1,3.83333333333333,3.33333333333333,5,3.85714285714286,5,3.8,3,3.25,3.125,5,4,6,2,5,5,5,4,3,"Medizin, Gesundheitswissenschaften, Psychologie",NA,2,6,4,5,"female",18,"3.","3",4.7,3,1
"12",57884056,-0.0518862500176077,28.992,3,1,3.66666666666667,3.5,3.5,3.85714285714286,5,4.6,4.75,2,3.375,5.5,2.5,6,1,1,1,4,4,4,"Medizin, Gesundheitswissenschaften, Psychologie",NA,4,3,5,6,"female",18,"1.","1",4.8,4,0
"13",63041883,-0.109808896400656,146.031,3,1,5.33333333333333,3,5.75,2.85714285714286,4,3.5,4.75,4.5,4.625,5,5,4.5,1,5,5,3,4,4,"Sonstiges, und zwar:","Psychologie, Sinologie",1,4,2,4,"female",24,"> 10","1",4.5,3,1
"14",67371067,0.10267111080682,75.528,6,1,3.33333333333333,4.75,3,3.42857142857143,3.5,4.4,4,3.75,3.875,4.5,3.5,4,3,4,2,2,4,2,"Medizin, Gesundheitswissenschaften, Psychologie",NA,3,4,5,6,"female",20,"1.","1",4.4,3,0
"15",74012067,-0.0134139353917442,27.57,1,1,4.83333333333333,3.91666666666667,4.75,2.85714285714286,3,3.8,2.75,4,3.375,5,4,4,2,5,5,2,4,4,"Sonstiges, und zwar:","Psychologie",1,4,2,5,"female",18,"1.","1",4.7,3,0
"16",74872572,-0.0396065074612473,14.14,2,1,4.16666666666667,3.91666666666667,3.5,3.57142857142857,3.5,4.4,2.5,2.75,2.625,5,4,6,1.5,5,5,6,4,4,"Medizin, Gesundheitswissenschaften, Psychologie",NA,2,4,3,5,"female",20,"3.","3",4.5,3,0
"17",76115336,0.233673534123175,0,0,0,5.83333333333333,2.58333333333333,5,3.14285714285714,3,4,2.75,5,3.875,6,6,1,4.5,1,1,1,3,2,"Sonstiges, und zwar:","Psychologie",1,1,1,1,"female",19,"1.","1",3.9,3,1
"18",76887406,0.126017581654902,71.066,4,1,4.16666666666667,3.25,4.75,3.42857142857143,3,3.6,4,3.5,3.75,4,4,5,2,4,4,3,4,4,"Medizin, Gesundheitswissenschaften, Psychologie",NA,2,4,2,5,"female",18,"1.","1",4.3,3,1
"19",88133027,-0.0262954906333213,60.52,2,1,4.16666666666667,3.58333333333333,4.25,3.57142857142857,3.5,4.5,3.5,3.75,3.625,4.5,4,4.5,2,4,4,3,4,5,"Medizin, Gesundheitswissenschaften, Psychologie",NA,1,4,2,4,"female",21,"3.","1",4.5,3,0
"20",96914925,-0.0790064519105158,0,0,0,3.83333333333333,3.75,5.25,3.14285714285714,3,3.1,4,3.75,3.875,4,2,4.5,1,4,6,4,3,5,"Medizin, Gesundheitswissenschaften, Psychologie",NA,1,3,3,4,"female",22,"1.","1",4.3,3,0
"21",97298681,0.0371131731200094,270.929,12,1,4.33333333333333,3.33333333333333,5.75,3.85714285714286,4,3.1,3.75,4.75,4.25,4.5,4,5.5,3,6,6,4,4,5,"Medizin, Gesundheitswissenschaften, Psychologie",NA,3,6,3,6,"female",18,"1.","1",5,1,1
"22",100968012,-0.0304574611312616,9.682,1,1,6,4.5,1,2.71428571428571,4,5.9,1,1,1,6,6,1,1,1,1,4,1,1,"Medizin, Gesundheitswissenschaften, Psychologie",NA,1,1,1,4,"male",19,"1.","1",4,4,1
"23",108699055,-0.0811222781864802,350.055,12,1,5,3.33333333333333,3.75,4.71428571428571,5,4.7,3.5,5.25,4.375,3,5,5.5,1.5,6,6,5,5,4,"Medizin, Gesundheitswissenschaften, Psychologie",NA,1,5,2,5,"female",18,"1.","1",5,4,1
"24",110807250,0.254326858136976,180.687,5,1,3.16666666666667,4,2.75,4.57142857142857,4.5,4.9,3.75,4.75,4.25,6,3,5,1,6,3,6,5,4,"Medizin, Gesundheitswissenschaften, Psychologie",NA,1,4,3,4,"male",18,"1.","1",5,4,1
"25",115961723,0.214722808541859,185.543,12,1,4.33333333333333,2.91666666666667,6,4.14285714285714,3,3.5,4.5,4,4.25,5,4,NA,2,6,6,6,5,2,"Sonstiges, und zwar:","Psychologie",2,6,1,5,"male",23,"3.","3",4.2,3,0
"26",120233077,0.0507137008791462,21.04,1,1,2.66666666666667,4.33333333333333,2.5,1.14285714285714,3,4.5,3.25,4,3.625,6,1,2,4,2,2,2,2,1,"Medizin, Gesundheitswissenschaften, Psychologie",NA,1,1,3,3,"female",20,"1.","1",4.2,3,1
"27",130492680,0.0562412682704401,22.388,1,1,4.66666666666667,4.75,3.75,3.42857142857143,4,4.7,4.25,3.25,3.75,5,2.5,5,2,5,6,6,3,5,"Medizin, Gesundheitswissenschaften, Psychologie",NA,1,5,5,2,"female",21,"7.","6",5,3,0
"28",133281312,0.113752411453848,11.807,1,1,4,3.5,5.25,3.57142857142857,4,3.9,3.25,3.75,3.5,3,2.5,5,1,6,6,5,4,4,"Medizin, Gesundheitswissenschaften, Psychologie",NA,1,6,1,6,"female",19,"1.","1",4.5,3,0
"29",141293910,-0.0144183807866893,68.424,4,1,4.5,3.83333333333333,5,3.57142857142857,4,3.9,3,4,3.5,4.5,2,4.5,1.5,3,5,5,4,2,"Medizin, Gesundheitswissenschaften, Psychologie",NA,1,4,2,4,"female",21,"1.","1",2.5,3,0
"30",145413863,0.0396597685668174,54.851,12,1,4.66666666666667,3.25,5,3.71428571428571,4,4,2.75,2,2.375,5,5,4,2,5,5,5,4,4,"Medizin, Gesundheitswissenschaften, Psychologie",NA,2,3,3,4,"female",25,"1.","9",3.5,3,1
"31",147571989,0.136850977156119,84.501,3,1,4.16666666666667,3.83333333333333,4,2.42857142857143,5,5.1,5,4.75,4.875,5,2,4,2,2,2,4,4,4,"Medizin, Gesundheitswissenschaften, Psychologie",NA,1,5,1,4,"male",19,"1.","1",4.2,2,1
"32",163596092,0.146681722114208,421.606,12,1,4.16666666666667,3.08333333333333,5.5,2.71428571428571,3.5,3.7,3,3,3,6,5,5,2,5,5,5,2,4,"Medizin, Gesundheitswissenschaften, Psychologie",NA,1,5,1,5,"female",18,"1.","1",4.9,4,0
"33",174562712,-0.0380464684245627,120.556,3,1,3.33333333333333,2.91666666666667,4,3.42857142857143,3,3.2,5.5,5.5,5.5,5,2,5,2.5,4,1,4,3,5,"Medizin, Gesundheitswissenschaften, Psychologie",NA,2,4,2,5,"male",23,"7.","3",3.7,3,0
"34",175257178,-0.0647040088548872,0,0,0,3.5,2.5,5,2.71428571428571,4,3.4,2.75,3.5,3.125,5,4,3.5,NA,3,3,4,3,4,"Medizin, Gesundheitswissenschaften, Psychologie",NA,1,4,1,4,"female",21,"5.","3",3,4,0
"35",181520921,0.0410133577682178,81.046,3,1,2.33333333333333,2.75,5.5,2.57142857142857,4,4.1,3.75,3,3.375,5,4,6,1,6,6,5,4,3,"Medizin, Gesundheitswissenschaften, Psychologie",NA,1,5,1,5,"female",19,"3.","3",4.6,1,1
"36",183186804,-0.0215016285906248,77.901,4,1,5.16666666666667,3.5,4,4,4,4.5,4.25,4.5,4.375,4,4,5.5,1,4,4,3,4,3,"Medizin, Gesundheitswissenschaften, Psychologie",NA,1,5,2,5,"female",19,"3.","1",4.9,3,0
"37",183467112,-0.0145749662244756,316.34,7,1,5.83333333333333,3.41666666666667,5,3.42857142857143,3,3.9,2.25,4,3.125,5.5,4.5,4.5,2.5,4,4,5,3,4,"Gesellschafts- und Sozialwissenschaften",NA,1,4,3,4,"female",21,"3.","3",5,4,0
"38",186223475,0.104540588658582,49.154,3,1,3.83333333333333,2.66666666666667,5.75,3,3.5,3.5,4,3.5,3.75,5,3,5,2,6,6,3,3,2,"Medizin, Gesundheitswissenschaften, Psychologie",NA,1,4,3,4,"female",22,"6.","5",5,2,1
"39",191299942,-0.10073248989118,140.675,4,1,5.83333333333333,4.41666666666667,2.75,3.28571428571429,4.5,5,1.5,2.5,2,6,6,4,1,6,6,5,3,3,"Medizin, Gesundheitswissenschaften, Psychologie",NA,1,3,2,5,"female",20,"2.","1",4.8,4,0
"40",216966369,0.163493548167685,655.64,11,1,5.33333333333333,3.25,4,2.71428571428571,4,4.4,2.5,3.5,3,5,4,4,1.5,5,5,2,3,2,"Medizin, Gesundheitswissenschaften, Psychologie",NA,1,4,3,4,"female",19,"1.","1",4,4,0
"41",223625087,0.109150911996157,207.738,12,1,4.33333333333333,4.25,3.25,3,2,4.9,2.25,3,2.625,5.5,5,5,1,6,3,4,4,2,"Medizin, Gesundheitswissenschaften, Psychologie",NA,1,5,1,5,"female",24,"9.","9",3.8,3,0
"42",227144025,0.0977295400582075,54.66,3,1,4.33333333333333,3.75,2,3.42857142857143,3,4.4,1.75,2,1.875,5.5,5.5,5,1,5,2,5,4,2,"Rechtswissenschaften",NA,1,4,2,5,"male",23,"7.","7",3,3,0
"43",232733207,0.171433451983914,0,0,0,4.83333333333333,3.58333333333333,5.25,3.14285714285714,5,4.4,2.75,4.25,3.5,5.5,5,5,3,3,3,4,5,4,"Medizin, Gesundheitswissenschaften, Psychologie",NA,3,4,3,4,"female",29,"> 10","5",3.2,3,1
"44",244860543,0.000745643108107152,105.389,5,1,4.33333333333333,3.5,2.75,3.42857142857143,1,5.1,1.75,3.25,2.5,4.5,4.5,4,1,5,4,5,4,3,"Medizin, Gesundheitswissenschaften, Psychologie",NA,1,3,1,4,"male",19,"1.","1",3.1,3,1
"45",247119569,-0.0572528752283163,51.951,4,1,5,3.75,1,4.42857142857143,5,5.1,4.5,3,3.75,5,4,1,3.5,6,6,1,3,2,"Gesellschafts- und Sozialwissenschaften",NA,1,1,1,6,"male",20,"1.","1",3.8,3,1
"46",255622699,-0.106949851595091,66.912,4,1,5.33333333333333,3.08333333333333,5.25,3.85714285714286,5,3.9,3.25,4.75,4,5,4,4,1.5,2,2,3,5,4,"Sonstiges, und zwar:","Psychologie",2,4,1,4,"male",21,"5.","5",3.5,4,0
"47",255906801,0.0313425116842848,156.791,12,1,4.66666666666667,4.58333333333333,4.75,3.71428571428571,4.5,5,3.25,5,4.125,5,3,3,2.5,4,4,3,5,3,"Medizin, Gesundheitswissenschaften, Psychologie",NA,2,4,4,4,"female",20,"3.","3",5,2,1
"48",255929172,0.0201655047090681,61.027,3,1,4.5,4.33333333333333,5.75,3.57142857142857,3,3.7,4.75,2.5,3.625,5.5,2,6,1,4,4,5,4,6,"Medizin, Gesundheitswissenschaften, Psychologie",NA,1,5,1,6,"female",23,"5.","3",4,3,0
"49",261543353,-0.070153104137568,67.186,4,1,4.16666666666667,4.16666666666667,4,3.57142857142857,4,3.2,3,4,3.5,4,4,5,2,3,3,4,4,4,"Medizin, Gesundheitswissenschaften, Psychologie",NA,2,4,5,5,"female",24,"1.","1",4.4,3,0
"50",275338431,0.0129040714976768,0,0,0,2.33333333333333,4.33333333333333,4,3.71428571428571,4.5,4.4,4.25,4,4.125,6,2,2,3,4,4,2,5,4,"Sonstiges, und zwar:","Psychologie",2,4,2,4,"male",20,"3.","3",3.3,3,0
"51",278379036,-0.039244134365798,112.402,5,1,4.33333333333333,3.83333333333333,4,4.14285714285714,4,4.6,3.5,4.5,4,4.5,2,5,1,5,5,4,4,3,"Medizin, Gesundheitswissenschaften, Psychologie",NA,1,4,2,5,"male",22,"7.","7",4.7,4,0
"52",286343599,0.244223861063805,307.406,7,1,4,3.5,4,4.71428571428571,4,4.8,4.25,4.25,4.25,5.5,3,5.5,1,5,6,4,5,4,"Medizin, Gesundheitswissenschaften, Psychologie",NA,2,5,4,5,"male",32,"> 10","5",4,3,0
"53",289160450,0.129071233193548,99.122,4,1,4,3.33333333333333,3,3.57142857142857,4,4,3.75,4,3.875,4,4,3,3.5,4,3,5,3,2,"Medizin, Gesundheitswissenschaften, Psychologie",NA,1,3,3,3,"female",23,"8.","1",4.7,4,1
"54",291015871,0.120256843658331,288.529,9,1,3.5,3.66666666666667,4,4,4,4,4.5,3.75,4.125,5,4,5,2,6,6,4,4,4,"Gesellschafts- und Sozialwissenschaften",NA,3,5,4,5,"female",39,"> 10","4",4.2,3,1
"55",293927004,-0.0195649250040663,0,0,0,3.16666666666667,4.5,3.5,4.14285714285714,5,5.2,4.25,4.25,4.25,4,3,5,1,5,6,5,5,2,"Medizin, Gesundheitswissenschaften, Psychologie",NA,1,4,4,5,"female",23,"9.","2",5,4,1
"56",296207103,-0.0669639971696866,50.954,3,1,4,3.41666666666667,6,3.42857142857143,4.5,2.5,4,3.25,3.625,4,3.5,2,3.5,4,5,6,4,1,"Medizin, Gesundheitswissenschaften, Psychologie",NA,1,4,1,4,"female",20,"1.","1",4.81,3,0
"57",304252289,-0.0445652709689886,129.537,6,1,4.16666666666667,3.5,4.75,3.14285714285714,4,4.5,3.5,3.5,3.5,5,3,5,1.5,6,6,3,4,3,"Medizin, Gesundheitswissenschaften, Psychologie",NA,3,6,4,3,"female",24,"10.","3",4.9,2,1
"58",304397572,-0.100176853751182,14.823,2,1,3.16666666666667,3.91666666666667,4.75,4.42857142857143,5,4.9,4,4,4,4,3,5,2,5,5,4,3,2,"Medizin, Gesundheitswissenschaften, Psychologie",NA,2,5,1,5,"female",20,"1.","1",4.4,3,0
"59",305011133,0.161407732821747,0,0,0,2.5,4,3.25,3.28571428571429,3.5,3.9,4.25,4.75,4.5,5,2,4.5,1,3,2,2,4,1,"Sonstiges, und zwar:","Psychologie",1,4,1,4,"female",19,"1.","1",5,3,1
"60",311917930,0.0363779090508801,72.187,3,1,3.66666666666667,3.66666666666667,4.75,3.14285714285714,3,3.6,3,3.5,3.25,4.5,3,5,2,5,5,4,1,3,"Medizin, Gesundheitswissenschaften, Psychologie",NA,2,5,3,3,"female",19,"1.","1",5,3,0
"61",328123574,0.0635772103969685,152.158,4,1,4,3.33333333333333,5,1.71428571428571,5,3.6,1.25,2,1.625,4,4,3,3.5,4,4,4,4,2,"Sonstiges, und zwar:","Psychologie",1,3,1,4,"male",20,"3.","3",4,1,0
"62",330307242,-0.0888092651051177,102.543,6,1,4.5,3.66666666666667,3.75,4,4.5,4.5,4,4.75,4.375,4,4,3,1,5,2,3,5,4,"Medizin, Gesundheitswissenschaften, Psychologie",NA,2,3,2,5,"female",23,"1.","1",4.6,4,1
"63",336523009,0.0433930230224113,64.375,4,1,4.33333333333333,4.16666666666667,3.5,4.57142857142857,4,5.2,2.5,2,2.25,5.5,2,2,3.5,4,4,4,3,4,"Gesellschafts- und Sozialwissenschaften",NA,2,4,3,5,"female",19,"1.","1",5,4,0
"64",340651994,0.117113132119314,63.848,3,1,2.5,3.83333333333333,3.75,3.85714285714286,3.5,4.5,4,3.5,3.75,5,2,3.5,3,4,3,3,4,2,"Medizin, Gesundheitswissenschaften, Psychologie",NA,1,4,2,4,"female",17,"1.","1",4.9,3,1
"65",345373818,-0.00304890632070818,61.409,4,1,4.83333333333333,4.08333333333333,3.5,4.42857142857143,4,4.9,1.75,4,2.875,6,5.5,4,1,6,5,6,4,2,"Mathematik, Naturwissenschaften",NA,1,4,2,4,"male",21,"5.","5",4.2,4,1
"66",348736890,-0.144092795492859,143.075,4,1,3,5.16666666666667,4.5,5.28571428571429,5,5.3,3.25,5.5,4.375,5.5,3,2,2,6,4,6,4,4,"Medizin, Gesundheitswissenschaften, Psychologie",NA,1,5,3,5,"female",22,"8.","8",4.2,3,1
"67",354986609,-0.0913475002435754,0,0,0,4.66666666666667,3.33333333333333,4.25,3.42857142857143,3.5,3.9,3.5,3.25,3.375,4,3.5,4.5,2,4,4,5,4,4,"Medizin, Gesundheitswissenschaften, Psychologie",NA,1,4,3,4,"female",22,"5.","5",4,4,0
"68",355004894,0.126563508725459,55.684,4,1,3.83333333333333,3.25,3,2.28571428571429,3,4.7,1.75,3.25,2.5,6,4,4,2.5,4,4,5,3,1,"Medizin, Gesundheitswissenschaften, Psychologie",NA,1,4,1,5,"female",22,"7.","1",3.7,4,1
"69",361833718,0.131374000255855,276.185,12,1,3.66666666666667,3.25,5,5,5.5,4.2,2.75,4.25,3.5,4.5,3.5,6,1,6,6,4,6,3,"Medizin, Gesundheitswissenschaften, Psychologie",NA,2,5,5,5,"male",19,"1.","1",5,4,1
"70",363559035,0.0905045664031313,40.168,2,1,4.66666666666667,4.58333333333333,5,3.42857142857143,3.5,4.3,3.75,4,3.875,4,3.5,5.5,1,6,6,6,3,5,"Medizin, Gesundheitswissenschaften, Psychologie",NA,1,6,1,4,"female",20,"1.","1",4.1,2,0
"71",368109450,0.20792026243463,364.57,12,1,3,4,5,4,4,4.6,3.25,4,3.625,5,3,6,1,6,6,6,4,3,"Medizin, Gesundheitswissenschaften, Psychologie",NA,3,6,5,6,"female",18,"1.","1",5,4,1
"72",377020925,0.026116339486411,16.77,1,1,3.5,3.33333333333333,4.5,2.85714285714286,3,3.4,3.5,5,4.25,5,3,5,2.5,5,2,4,4,4,"Medizin, Gesundheitswissenschaften, Psychologie",NA,1,5,2,4,"female",19,"1.","1",4.5,4,1
"73",382275447,0.026248591281814,164.827,6,1,3.16666666666667,3,3,3.14285714285714,3,4.2,2.25,3.5,2.875,5.5,4,4,2.5,1,1,2,4,2,"Sonstiges, und zwar:","Psychologie",1,3,3,5,"female",20,"1.","1",3.5,3,1
"74",384286714,-0.00793203528191416,344.454,9,1,4.66666666666667,4.41666666666667,3.75,3.71428571428571,4,5,3,3.5,3.25,5.5,4,6,1,6,6,6,4,6,"Medizin, Gesundheitswissenschaften, Psychologie",NA,1,4,2,3,"male",21,"1.","1",3.6,3,0
"75",389246555,-0.00252799214350191,26.612,2,1,4.83333333333333,3.33333333333333,5,2.85714285714286,3.5,4.4,2.5,2.75,2.625,3.5,4.5,3.5,2.5,2,4,2,2,1,"Medizin, Gesundheitswissenschaften, Psychologie",NA,1,3,2,4,"female",23,"7.","5",5,3,0
"76",391113129,0.031387875539794,0,0,0,3,4.33333333333333,3.25,4.71428571428571,4.5,4.5,2.5,2.25,2.375,5,5,5,2,5,5,4,5,3,"Medizin, Gesundheitswissenschaften, Psychologie",NA,3,4,2,5,"male",22,"7.","7",5,4,1
"77",392811318,-0.021408674654649,0,0,0,3.5,4.58333333333333,4.75,3.14285714285714,3.5,4,3.25,2,2.625,4.5,2,2.5,2,5,5,2,2,2,"Medizin, Gesundheitswissenschaften, Psychologie",NA,1,3,2,5,"female",21,"5.","5",4,2,0
"78",412386934,-0.0358340227323341,225.504,5,1,3.16666666666667,3.66666666666667,5.5,3.42857142857143,4.5,4.4,3.75,3,3.375,5,2,5.5,1,6,4,4,5,4,"Medizin, Gesundheitswissenschaften, Psychologie",NA,1,6,2,5,"female",18,"1.","1",5,4,1
"79",413029512,-0.0737850491619469,335.2,12,1,4.16666666666667,4.16666666666667,4.5,3.57142857142857,5,4.2,3.5,2.75,3.125,5,4,4,4,4,4,5,4,3,"Medizin, Gesundheitswissenschaften, Psychologie",NA,1,4,1,3,"female",36,"> 10","3",4.4,3,0
"80",423666532,-0.0173889499759566,0,0,0,3.33333333333333,2.66666666666667,4.75,3.28571428571429,3.5,4.4,2,4.25,3.125,5.5,2.5,5,1.5,3,3,4,4,2,"Medizin, Gesundheitswissenschaften, Psychologie",NA,1,4,4,5,"female",19,"1.","1",4.3,4,1
"81",426337062,0.0201834748968642,325.997,6,1,5.16666666666667,3.58333333333333,5.25,2,3,4.4,3,2.5,2.75,3,5,4.5,1.5,6,6,3,4,5,"Medizin, Gesundheitswissenschaften, Psychologie",NA,1,6,4,6,"female",18,"1.","1",4.72,3,0
"82",427741988,0.00909040233083688,17.753,1,1,5,3.08333333333333,4.75,5,4.5,3.9,2.25,4.25,3.25,4,5,5,1,6,6,3,4,3,"Medizin, Gesundheitswissenschaften, Psychologie",NA,1,5,1,6,"female",20,"3.","3",4.1,3,1
"83",434497291,-0.0128809277519689,17.284,2,1,4.66666666666667,3.33333333333333,5.5,3.42857142857143,4,3.6,3,4,3.5,5.5,4,5,1,5,5,5,4,2,"Medizin, Gesundheitswissenschaften, Psychologie",NA,1,4,3,3,"female",21,"1.","1",NA,4,0
"84",444604949,0.0111889309242878,72.735,3,1,4.66666666666667,3.16666666666667,5.25,3,3,3.5,3.75,3.75,3.75,5.5,3,4,2,4,5,3,4,3,"Medizin, Gesundheitswissenschaften, Psychologie",NA,1,5,2,5,"female",25,"10.","9",3,3,0
"85",452517223,-0.0328522490136883,8.299,1,1,3.83333333333333,3.58333333333333,5.75,3.57142857142857,3.5,4.3,2.75,3,2.875,6,3.5,4,2.5,5,4,2,3,4,"Medizin, Gesundheitswissenschaften, Psychologie",NA,1,4,1,5,"female",25,"7.","7",4.3,3,1
"86",465475172,0.0780189167750805,336.788,12,1,5,4.16666666666667,5.25,4.71428571428571,4.5,4.3,2,4.25,3.125,5.5,4,3.5,1.5,6,6,5,3,5,"Medizin, Gesundheitswissenschaften, Psychologie",NA,1,6,1,5,"male",24,"> 10","1",3.8,1,1
"87",466545936,0.0113506389590933,66.924,4,1,5,3.41666666666667,5.5,4,4,4.4,2.75,5,3.875,6,6,4,1,6,6,3,5,5,"Sonstiges, und zwar:","Psychologie",2,4,4,6,"female",22,"6.","3",4.7,4,0
"88",468200672,-0.0987043971104559,49.261,3,1,5.33333333333333,3.33333333333333,3.75,4.28571428571429,4,4,3.25,3.25,3.25,5,4,NA,1,6,6,5,4,2,"Medizin, Gesundheitswissenschaften, Psychologie",NA,1,6,2,4,"female",24,"> 10","5",4.8,3,0
"89",480764960,0.0447432665667898,78.953,4,1,3.83333333333333,4.66666666666667,3.25,3.14285714285714,4,3.8,2.25,4,3.125,3,3,4.5,3.5,6,3,5,4,3,"Medizin, Gesundheitswissenschaften, Psychologie",NA,1,5,3,4,"male",22,"8.","1",3.4,4,1
"90",485492210,-0.0344066237723844,21.667,2,1,4.66666666666667,3.08333333333333,4,3.28571428571429,5,3.9,2.25,2,2.125,6,6,4,2,1,1,5,2,2,"Medizin, Gesundheitswissenschaften, Psychologie",NA,1,2,4,4,"female",19,"1.","1",4.2,4,0
"91",498769973,0.0486383399902685,437.034,9,1,5.33333333333333,3.58333333333333,3,4.28571428571429,5,5.1,3,4.75,3.875,5,5,4,3,4,4,4,4,3,"Medizin, Gesundheitswissenschaften, Psychologie",NA,3,5,3,5,"male",23,"7.","7",3.8,3,1
"92",498827597,-0.0324835712536402,102.994,4,1,6,4.33333333333333,4,4.28571428571429,4,4.9,2,3,2.5,5,4.5,6,1,6,6,6,5,3,"Sonstiges, und zwar:","Psychologie",1,5,1,6,"female",21,"5.","5",4.1,3,0
"93",509671328,-0.0228480265328626,42.354,3,1,2.83333333333333,3,4.5,3.85714285714286,4.5,4.1,3,2.75,2.875,5,4,5,2,6,6,3,5,4,"Medizin, Gesundheitswissenschaften, Psychologie",NA,3,5,2,5,"female",18,"1.","1",5,1,1
"94",528388454,-0.00646143268289051,0,0,0,4.16666666666667,3.41666666666667,4.25,3,4,3.8,3.5,3.75,3.625,4,4,3.5,2,3,3,3,3,3,"Medizin, Gesundheitswissenschaften, Psychologie",NA,1,4,1,4,"male",24,"> 10","3",3,4,1
"95",528468166,-0.0789809002857874,138.2,8,1,3.66666666666667,3.08333333333333,2.25,4.14285714285714,4,5,3.75,4.75,4.25,5,2.5,5.5,2,4,4,5,5,1,"Medizin, Gesundheitswissenschaften, Psychologie",NA,1,4,2,4,"female",19,"1.","1",4.8,3,1
"96",531465430,0.183489599216391,70.621,3,1,3.83333333333333,3.75,4.25,3.28571428571429,3,4.2,3,4.5,3.75,6,4,6,1,6,6,3,2,4,"Medizin, Gesundheitswissenschaften, Psychologie",NA,1,5,3,5,"female",19,"1.","1",3.8,2,1
"97",532589928,0.0148738672468348,69.596,4,1,1.83333333333333,3.41666666666667,5.5,3.71428571428571,4,3.7,5,5,5,6,3,5,1.5,6,6,5,3,2,"Sonstiges, und zwar:","Psychologie",1,4,1,5,"female",19,"1.","1",4.6,4,1
"98",533778810,-0.0348091322229693,120.596,4,1,3,4.41666666666667,4.25,4.28571428571429,4.5,3.7,5,5.5,5.25,4,1,4,2.5,2,2,6,4,4,"Medizin, Gesundheitswissenschaften, Psychologie",NA,1,6,1,6,"female",18,"1.","1",4.6,4,1
"99",535360320,-0.058152071865707,0,0,0,4.5,4.33333333333333,3.25,3.57142857142857,4.5,5.5,2.75,2.75,2.75,5,5,3,3,4,4,5,3,5,"Medizin, Gesundheitswissenschaften, Psychologie",NA,1,3,5,5,"female",19,"3.","1",3,4,1
"100",536972368,0.0202370266983352,368.612,12,1,4.5,2.75,4.75,4.28571428571429,4,3.7,4.5,4.75,4.625,5.5,4,3.5,1,5,6,4,5,4,"Medizin, Gesundheitswissenschaften, Psychologie",NA,1,4,1,3,"female",22,"6.","1",3.1,3,1
"101",543908379,-0.0566835724947468,380.924,12,1,5,3,2.5,3,4.5,4.2,4,4,4,5,5,3,1.5,5,4,3,5,1,"Medizin, Gesundheitswissenschaften, Psychologie",NA,1,4,4,5,"male",19,"1.","1",4,3,1
"102",547902553,0.0769942192118589,525.613,12,1,5,3.75,5,3.71428571428571,4,4,4.75,4.75,4.75,6,3.5,4,1,6,6,3,5,3,"Medizin, Gesundheitswissenschaften, Psychologie",NA,1,5,3,5,"female",24,"9.","3",5,2,1
"103",558268078,0.000337802134253162,27.229,1,1,2,3.66666666666667,4.75,3.28571428571429,4,3.9,3.75,2.75,3.25,5.5,2.5,4,2,5,4,3,4,2,"Medizin, Gesundheitswissenschaften, Psychologie",NA,1,4,2,4,"female",22,"7.","1",4.1,3,1
"104",564582314,0.0389591740392386,236.892,5,1,5.66666666666667,3.5,4.75,4,4.5,4.7,2.5,5,3.75,5,4,6,1,6,6,4,4,1,"Medizin, Gesundheitswissenschaften, Psychologie",NA,1,6,2,6,"female",19,"1.","1",4.7,4,1
"105",566805446,-0.0663373876623567,5.898,1,1,2,2.91666666666667,2.75,3.85714285714286,4,4.9,5,4,4.5,5,4,5,1,4,4,3,4,2,"Medizin, Gesundheitswissenschaften, Psychologie",NA,1,3,2,5,"male",20,"3.","1",4.5,4,1
"106",568989169,0.0203008678196558,81.21,5,1,4.5,3.75,3.75,3.71428571428571,4,4.8,2.5,3.25,2.875,6,2,3,4,3,3,3,5,2,"Medizin, Gesundheitswissenschaften, Psychologie",NA,2,1,1,1,"female",22,"3.","3",4,4,0
"107",569514698,0.0866267704166555,73.784,3,1,1,2.91666666666667,4.5,2.85714285714286,3.5,4,3.25,3.75,3.5,5.5,1,5,3.5,6,6,5,4,3,"Medizin, Gesundheitswissenschaften, Psychologie",NA,1,4,5,4,"male",20,"1.","1",4,3,1
"108",573648296,0.0291816606617751,86.898,4,1,4.66666666666667,3.58333333333333,4,4,4.5,3.9,4.5,4.25,4.375,5,4,4.5,2,5,5,5,4,4,"Medizin, Gesundheitswissenschaften, Psychologie",NA,2,4,3,5,"female",20,"5.","5",4.8,3,1
"109",603647385,0.0845108821635743,111.145,6,1,4,3.91666666666667,5.5,3.57142857142857,3.5,4,4,3.25,3.625,5,4,5,1.5,5,5,5,4,2,"Medizin, Gesundheitswissenschaften, Psychologie",NA,1,5,1,5,"female",22,"7.","1",4.4,2,1
"110",621547593,0.0074214209817505,30.946,1,1,3,3,4.5,3.28571428571429,3.5,4.5,3.5,3.5,3.5,5,3.5,2,2,2,2,2,4,4,"Medizin, Gesundheitswissenschaften, Psychologie",NA,1,1,1,5,"female",19,"1.","1",4.5,3,1
"111",622520744,0.0391182029210343,40.519,3,1,2.5,3.5,4.75,3.42857142857143,5,4.1,3.75,5,4.375,2.5,2,5,2,3,3,4,4,2,"Medizin, Gesundheitswissenschaften, Psychologie",NA,2,4,4,5,"female",18,"1.","1",4.6,3,1
"112",626284952,-0.157458983218812,280.778,5,1,3,3.41666666666667,3.5,4.71428571428571,5,4.6,4,2.25,3.125,5,2,5,1,5,5,5,5,4,"Medizin, Gesundheitswissenschaften, Psychologie",NA,1,4,3,4,"female",20,"3.","3",4.9,4,1
"113",634047281,0.00743549618833678,6.234,1,1,2.83333333333333,3.91666666666667,2.75,3.85714285714286,5,4.1,3.75,5,4.375,4,2,4.5,2.5,4,2,2,5,3,"Medizin, Gesundheitswissenschaften, Psychologie",NA,4,3,5,5,"male",20,"5.","5",4.1,3,1
"114",644777228,-0.0404214529522444,242.113,12,1,3.16666666666667,3.83333333333333,6,3.42857142857143,4,3.7,4.5,2.75,3.625,4.5,4,3,2.5,5,NA,2,3,5,"Medizin, Gesundheitswissenschaften, Psychologie",NA,1,6,1,5,"female",21,"2.","2",4.2,2,1
"115",652252387,0.132790146737425,108.517,4,1,4.66666666666667,3.75,6,4.28571428571429,5,4,3.5,2,2.75,3,2.5,4.5,1,5,5,2,4,4,"Gesellschafts- und Sozialwissenschaften",NA,2,6,2,6,"female",19,"1.","1",4.1,4,1
"116",652641077,-0.00545489734759289,552.802,8,1,5,3.16666666666667,4,4,3.5,5.1,2.75,2.75,2.75,5.5,3.5,5,1.5,5,5,2,4,4,"Medizin, Gesundheitswissenschaften, Psychologie",NA,1,3,1,5,"female",20,"1.","1",4.6,3,0
"117",658667827,-0.0753879845805465,0,0,0,5.5,3.75,5.5,4,4.5,3.7,2.25,3.5,2.875,6,3,6,1,6,5,6,4,5,"Medizin, Gesundheitswissenschaften, Psychologie",NA,2,4,2,5,"female",19,"3.","3",4.7,3,0
"118",663578375,-0.125643841480263,0,0,0,4.83333333333333,4.08333333333333,4.75,3.85714285714286,4,4.2,2.75,2.75,2.75,6,3,6,1,6,4,5,3,3,"Medizin, Gesundheitswissenschaften, Psychologie",NA,1,5,2,5,"female",20,"3.","1",4.9,3,0
"119",678260364,-0.00600562456608594,147.294,4,1,4.66666666666667,4.33333333333333,3.25,3.85714285714286,6,4.6,2.75,3.25,3,5,4,2.5,3,4,4,3,3,2,"Medizin, Gesundheitswissenschaften, Psychologie",NA,1,4,4,4,"male",21,"5.","5",4,3,1
"120",688729452,0.120546043722568,214.167,7,1,6,3.25,6,3.85714285714286,2,3.4,2.25,3.25,2.75,4,4,6,2,6,6,5,3,2,"Sonstiges, und zwar:","Psychologie",1,5,3,4,"female",24,"1.","1",3.4,3,0
"121",695298472,-0.0240942325834049,87.488,5,1,5.33333333333333,3.66666666666667,5,3,4,4.4,1.5,3,2.25,4,2,6,1.5,5,5,6,3,1,"Medizin, Gesundheitswissenschaften, Psychologie",NA,1,5,4,5,"female",18,"1.","1",4.7,3,0
"122",703261661,-0.0348145106688512,327.588,9,1,5.33333333333333,2.83333333333333,3.75,4.28571428571429,4.5,5.5,2.25,2.75,2.5,5,5,3,3.5,3,3,2,6,3,"Medizin, Gesundheitswissenschaften, Psychologie",NA,1,4,4,6,"female",22,"3.","1",3.6,3,1
"123",705370741,0.147401778216412,493.722,12,1,5,4.41666666666667,2.25,3.85714285714286,4,5.6,3.5,3.5,3.5,6,4,6,1,6,3,6,5,1,"Medizin, Gesundheitswissenschaften, Psychologie",NA,1,4,3,6,"female",18,"1.","1",4.8,4,0
"124",705805679,-0.0526076861951099,222.617,8,1,3.83333333333333,3.41666666666667,5.5,4,4.5,4,4,4.25,4.125,5,3.5,4.5,4,5,6,6,5,4,"Medizin, Gesundheitswissenschaften, Psychologie",NA,1,6,2,5,"female",19,"1.","1",4,4,1
"125",710967616,0.187715222575655,204.701,5,1,3.83333333333333,3.66666666666667,5,3.14285714285714,4,3.8,3.75,5.25,4.5,4.5,4,4,1,4,4,5,2,5,"Medizin, Gesundheitswissenschaften, Psychologie",NA,1,6,1,4,"female",22,"5.","5",5,2,1
"126",714659761,0.204107179794609,178.726,12,1,3.33333333333333,4.16666666666667,4.25,4.28571428571429,4,3.6,3.75,3.75,3.75,5,4,4.5,2,5,4,5,4,4,"Gesellschafts- und Sozialwissenschaften",NA,2,5,4,5,"male",20,"1.","1",4.6,3,0
"127",720842308,0.0478677946420018,31.226,2,1,3.83333333333333,3.58333333333333,6,3.71428571428571,4,3.4,3,3.5,3.25,4,4.5,4.5,1,5,5,2,3,4,"Medizin, Gesundheitswissenschaften, Psychologie",NA,1,4,1,4,"female",25,"5.","7",4.8,2,1
"128",724548641,-0.0575833677400052,0,0,0,3.66666666666667,2.83333333333333,4.5,2.85714285714286,3.5,3.7,4,3,3.5,6,3.5,4,1.5,5,5,2,3,4,"Medizin, Gesundheitswissenschaften, Psychologie",NA,1,5,1,5,"female",19,"1.","1",4.2,4,1
"129",733185534,0.183427776104607,0,0,0,3.16666666666667,3.33333333333333,4.75,3.28571428571429,3.5,2.7,3.5,3.5,3.5,3.5,3,3.5,2,4,3,4,4,3,"Medizin, Gesundheitswissenschaften, Psychologie",NA,2,3,3,4,"female",18,"1.","1",4.86,3,0
"130",733546887,0.0931959194840184,68.137,3,1,4,3.75,5.75,3.71428571428571,4,4.1,3,3.25,3.125,4,4,5,1.5,6,6,6,3,4,"Medizin, Gesundheitswissenschaften, Psychologie",NA,1,5,4,4,"female",21,"1.","7",4.5,3,0
"131",735548888,-0.0606749180455127,122.061,5,1,2.16666666666667,3,6,3.14285714285714,2.5,3.7,5.75,5.75,5.75,6,1,4,1,6,5,6,4,1,"Gesellschafts- und Sozialwissenschaften",NA,1,4,1,3,"female",24,"8.","1",3.7,2,0
"132",735751507,0.0158611199961921,362.472,12,1,5.5,3.5,4,3.71428571428571,5,5.4,1,2,1.5,5.5,6,4.5,2.5,6,6,6,5,3,"Medizin, Gesundheitswissenschaften, Psychologie",NA,2,5,4,5,"male",23,"7.","1",3.4,4,0
"133",753062614,-0.0243347786538893,90.078,4,1,4.5,3.91666666666667,5,3.28571428571429,4,3.3,3.5,2.75,3.125,3.5,4,4,1,5,3,3,3,3,"Medizin, Gesundheitswissenschaften, Psychologie",NA,1,4,3,3,"female",25,"3.","3",3,3,0
"134",759058254,0.0152606425648698,167.425,9,1,4.83333333333333,2.75,5.25,3.71428571428571,3.5,4.3,4,3,3.5,4.5,4.5,3,2.5,5,5,1,4,5,"Medizin, Gesundheitswissenschaften, Psychologie",NA,1,4,2,5,"female",21,"3.","3",3.8,3,1
"135",762811633,0.264531380553894,5.453,1,1,6,3.58333333333333,5,2.71428571428571,4,4.2,4.25,5,4.625,4,5,4,1,5,5,3,4,6,"Medizin, Gesundheitswissenschaften, Psychologie",NA,1,5,1,5,"female",19,"1.","1",3.7,3,0
"136",775307143,-0.0484776997788797,220.46,12,1,5,2.58333333333333,5.75,2.85714285714286,4,4,4.25,4.5,4.375,4.5,4,5,2,5,6,4,4,6,"Medizin, Gesundheitswissenschaften, Psychologie",NA,1,6,1,6,"female",22,"5.","5",3.5,3,1
"137",793454540,0.113372261234896,72.045,4,1,4.5,3.5,4.5,3.42857142857143,4.5,4.1,4.5,4.75,4.625,5,3,5,1,5,5,3,5,4,"Medizin, Gesundheitswissenschaften, Psychologie",NA,1,4,2,4,"female",21,"5.","1",4.5,3,0
"138",794033209,0.0558328460314353,15.096,2,1,4.5,3.16666666666667,2.75,2.14285714285714,1.5,4.5,2.25,4.75,3.5,4,5,2,3.5,5,3,2,3,1,"Gesellschafts- und Sozialwissenschaften",NA,3,3,3,4,"male",22,"5.","5",3.67,1,0
"139",794751869,0.0512245001681382,208.359,7,1,3.83333333333333,3.08333333333333,4,2.14285714285714,3,4.9,3.5,3.25,3.375,6,3.5,6,1.5,6,6,3,3,2,"Medizin, Gesundheitswissenschaften, Psychologie",NA,2,2,4,4,"female",25,"10.","10",4,4,1
"140",798851671,-0.155957137524996,80.405,3,1,5.33333333333333,3.83333333333333,3,4,4.5,3.8,3.25,4,3.625,5,4,5,2,5,4,5,4,3,"Medizin, Gesundheitswissenschaften, Psychologie",NA,2,4,3,4,"male",20,"4.","4",3.8,3,0
"141",799620131,-0.0895617099722838,152.741,5,1,4.66666666666667,3.08333333333333,5.25,3.85714285714286,4,3.5,4.75,4,4.375,6,4,4,4,4,5,2,5,2,"Medizin, Gesundheitswissenschaften, Psychologie",NA,1,4,2,4,"female",20,"3.","3",4.2,3,1
"142",800164009,0.255472854905402,146.571,5,1,4,5.08333333333333,3.5,2.85714285714286,3.5,4.6,4.5,4,4.25,5,3,5,2,5,5,5,4,2,"Gesellschafts- und Sozialwissenschaften",NA,1,5,1,4,"female",20,"1.","1",4.6,3,1
"143",800437405,-0.0462032877630318,116.584,3,1,5,3.75,4.25,5.14285714285714,5,4.7,5.5,4.5,5,6,2,5,1,6,5,1,5,4,"Medizin, Gesundheitswissenschaften, Psychologie",NA,1,5,4,5,"male",19,"3.","3",5,4,1
"144",804625453,-2.2365400225266e-05,59.549,3,1,3.83333333333333,2.91666666666667,4.5,3.42857142857143,3.5,4,3.75,4.75,4.25,4,4,3,1,5,5,3,4,4,"Medizin, Gesundheitswissenschaften, Psychologie",NA,1,5,1,4,"female",20,"3.","1",3.7,3,1
"145",820156227,0.0965137924968489,150.581,6,1,5.33333333333333,3.75,4.75,2.42857142857143,2,3.4,1.75,1.75,1.75,4.5,4,5,3,6,6,5,3,3,"Medizin, Gesundheitswissenschaften, Psychologie",NA,1,4,1,5,"female",18,"1.","1",4.6,3,0
"146",822275980,-0.0327466219458126,113.652,3,1,5,3.25,3.5,3.71428571428571,4,3.8,4.25,4,4.125,4,4,5,1,6,4,4,4,1,"Medizin, Gesundheitswissenschaften, Psychologie",NA,2,4,2,6,"male",19,"1.","1",3.8,3,1
"147",830708572,-0.078393887715009,335.052,12,1,4.5,3.5,3.25,4.14285714285714,5,4.8,4,3.25,3.625,5,4.5,5,2,5,5,5,4,3,"Medizin, Gesundheitswissenschaften, Psychologie",NA,2,3,4,5,"female",18,"1.","1",5,4,1
"148",830855109,-0.0364109764028417,206.98,9,1,2,2.33333333333333,4.75,3.14285714285714,4.5,3.3,3.75,2.75,3.25,2,1,4.5,1,3,3,5,4,1,"Medizin, Gesundheitswissenschaften, Psychologie",NA,1,2,1,5,"female",20,"3.","1",3.8,4,0
"149",835262075,0.0233881721748583,681.641,12,1,4.16666666666667,3,4.75,3.85714285714286,2.5,4.2,3,2.5,2.75,3.5,4,6,2.5,6,5,6,4,3,"Medizin, Gesundheitswissenschaften, Psychologie",NA,1,5,5,5,"female",19,"1.","1",3.6,3,0
"150",839714989,-0.0227025559003905,26.535,3,1,5.83333333333333,4.41666666666667,3.25,4.71428571428571,6,5.4,3.75,3.75,3.75,3.5,3.5,4,2.5,6,1,6,5,4,"Medizin, Gesundheitswissenschaften, Psychologie",NA,2,5,3,5,"male",19,"1.","1",3.4,2,0
"151",853402928,-0.00635878220826067,81.666,6,1,4,3,4,4.42857142857143,4.5,4.4,2.25,2.75,2.5,5.5,4,6,1,6,6,6,4,5,"Medizin, Gesundheitswissenschaften, Psychologie",NA,2,5,3,5,"female",18,"1.","1",5,4,1
"152",858651311,0.0965923902364126,0,0,0,4.66666666666667,3.5,6,2.85714285714286,4,3.3,4,3,3.5,5,4,5,3,6,6,3,3,6,"Medizin, Gesundheitswissenschaften, Psychologie",NA,1,6,1,5,"female",20,"3.","1",4.4,2,1
"153",864608567,-0.027151674968863,32.255,3,1,5,3.25,3.25,3.14285714285714,3,3.5,3,2.75,2.875,4,4,5,2,4,4,5,4,2,"Sonstiges, und zwar:","Psychologie",1,4,2,5,"female",26,"1.","1",5,3,0
"154",869127148,0.00651119180244458,116.387,12,1,3.5,3.83333333333333,4.5,4.42857142857143,4.5,4.4,3.75,4.75,4.25,4.5,4,6,2,6,6,6,4,4,"Medizin, Gesundheitswissenschaften, Psychologie",NA,1,5,4,4,"male",32,"5.","1",4,1,0
"155",882004199,0.0699142884789524,0,0,0,4,3.58333333333333,3.5,3.28571428571429,4,4.1,3,3.5,3.25,5,4,1.5,4.5,3,3,3,3,3,"Sonstiges, und zwar:","Psychologie",2,2,3,3,"female",20,"1.","1",4.1,3,0
"156",896172406,-0.0212918395763303,34.424,3,1,4.33333333333333,3.16666666666667,5.25,3.71428571428571,4,3.8,2.75,2.5,2.625,5,4,5,2,5,6,5,3,2,"Medizin, Gesundheitswissenschaften, Psychologie",NA,2,5,4,5,"female",18,"1.","1",4.5,3,1
"157",902130830,-0.0930347614771807,247.969,6,1,4.16666666666667,3.58333333333333,5.75,3.71428571428571,4.5,3.7,4.5,4,4.25,4,4,3,1.5,5,3,3,3,4,"Medizin, Gesundheitswissenschaften, Psychologie",NA,1,4,1,5,"female",24,"> 10","3",5,4,1
"158",902854852,-0.048956279289051,144.595,5,1,4,4.16666666666667,3.5,3.71428571428571,4.5,3.2,3,2.75,2.875,4,4,4,3,4,3,5,6,3,"Sonstiges, und zwar:","Psychologie",1,3,6,6,"female",25,"> 10","1",4.2,4,1
"159",908405830,-0.00198663557067932,494.704,12,1,4.33333333333333,3.16666666666667,5.5,4,4.5,2.6,3.75,3,3.375,5,5,6,3.5,6,6,5,4,4,"Medizin, Gesundheitswissenschaften, Psychologie",NA,3,5,5,5,"female",21,"5.","3",NA,3,0
"160",911475060,0.0829476100214892,20.254,3,1,4,3.83333333333333,4.5,3.28571428571429,4,4.2,3.25,3,3.125,4,3.5,4,3,4,3,3,4,2,"Medizin, Gesundheitswissenschaften, Psychologie",NA,3,4,3,4,"female",19,"1.","1",4.8,3,0
"161",913633980,-0.0239820056807239,57.869,2,1,4.66666666666667,4,5.5,3.42857142857143,3,3.6,4.75,4.25,4.5,4.5,3.5,6,2,4,4,3,3,4,"Medizin, Gesundheitswissenschaften, Psychologie",NA,1,5,1,5,"female",19,"1.","1",4.5,3,1
"162",914484624,0.0380014905532783,143.756,5,1,4.33333333333333,3.91666666666667,4.25,4.85714285714286,5,4.6,4,4.5,4.25,4,3,6,3,6,6,6,4,3,"Medizin, Gesundheitswissenschaften, Psychologie",NA,1,5,1,6,"female",22,"1.","1",3.4,3,0
"163",916777714,0.0822226278399203,235.187,5,1,4.33333333333333,3.75,5.25,3.71428571428571,3.5,3.4,4.5,3.75,4.125,4,3.5,3.5,1.5,5,5,4,4,3,"Medizin, Gesundheitswissenschaften, Psychologie",NA,1,4,2,4,"female",29,"4.","4",5,2,1
"164",919178005,0.0491913845316128,73.376,4,1,4.66666666666667,4.5,4,1.71428571428571,2,5,4.5,4.75,4.625,6,4,5.5,1,5,2,6,2,3,"Sonstiges, und zwar:","Zweitstudium Sprachwissenschaften",1,2,1,6,"female",23,"9.","1",5,4,1
"165",922363758,-0.125585384105216,128.32,3,1,2,3.25,4.5,3.14285714285714,3,4,4,4,4,4,1,3,3.5,4,4,3,5,1,"Medizin, Gesundheitswissenschaften, Psychologie",NA,1,3,4,4,"male",20,"1.","1",4,3,1
"166",928014337,0.0338862059303701,172.823,5,1,1.83333333333333,2.91666666666667,3.75,4.14285714285714,4,3.6,4.75,4,4.375,5,2,4,2,5,4,4,5,4,"Medizin, Gesundheitswissenschaften, Psychologie",NA,3,2,2,5,"male",19,"3.","1",4.4,4,1
"167",928436622,0.0623548905921916,52.336,3,1,4.16666666666667,4.08333333333333,4,4,4,4.1,2.75,4,3.375,5,4,5,1,4,4,5,3,2,"Medizin, Gesundheitswissenschaften, Psychologie",NA,1,4,3,5,"female",20,"5.","5",4,3,0
"168",936894349,0.0179019142862508,39.138,3,1,4.66666666666667,4.33333333333333,4.5,4,4,4.8,2.75,2.75,2.75,5.5,4.5,5,1,6,3,3,4,3,"Medizin, Gesundheitswissenschaften, Psychologie",NA,2,4,3,4,"female",55,"> 10","3",5,4,0
"169",939284539,0.0601856618238714,13.375,1,1,4.33333333333333,3.41666666666667,4.75,4.42857142857143,5,3.7,3,3.25,3.125,4,3.5,4,2,5,4,4,5,5,"Medizin, Gesundheitswissenschaften, Psychologie",NA,3,4,2,4,"female",22,"7.","7",4.5,4,1
"170",950553397,0.070278064494997,273.128,9,1,4.33333333333333,4,4,3.71428571428571,5,4.7,4,2.25,3.125,4,4,3,4,3,3,3,3,3,"Medizin, Gesundheitswissenschaften, Psychologie",NA,2,3,3,4,"divers, und zwar:",23,"3.","3",4.5,3,1
"171",952290209,0.0293342527959849,85.789,4,1,5.16666666666667,3.66666666666667,4.75,3,4,3.9,4.25,3.5,3.875,2.5,1,6,1,3,3,5,3,3,"Medizin, Gesundheitswissenschaften, Psychologie",NA,1,4,2,5,"female",21,"1.","1",4,4,1
"172",956473710,-0.0339402034567635,49.463,4,1,2.83333333333333,4.58333333333333,5,2.57142857142857,3,3.8,1.75,1.75,1.75,5,2.5,NA,4,5,3,3,3,4,"Medizin, Gesundheitswissenschaften, Psychologie",NA,1,1,3,5,"female",18,"1.","1",4.5,4,1
"173",956643204,-0.0056625766334269,86.128,4,1,3.83333333333333,4.5,3,3.57142857142857,4.5,5.1,3.75,3,3.375,4,4.5,4,2,5,3,5,5,3,"Medizin, Gesundheitswissenschaften, Psychologie",NA,1,3,2,5,"female",23,"5.","5",4,3,1
"174",958708920,0.116973079329202,227.743,5,1,3.83333333333333,3.58333333333333,3.75,3.71428571428571,5,4.1,3.75,4,3.875,4,3,6,1.5,6,6,4,5,4,"Medizin, Gesundheitswissenschaften, Psychologie",NA,3,5,4,5,"male",21,"1.","1",3.9,3,1
"175",959390242,0.0644419123344551,709.809,12,1,4.66666666666667,2.91666666666667,3.25,3.71428571428571,4,4.4,4.5,3.5,4,4,2.5,4.5,2.5,5,2,5,3,4,"Medizin, Gesundheitswissenschaften, Psychologie",NA,2,5,3,5,"female",22,"7.","1",4.2,3,1
"176",960275576,0.147753291016361,131.492,4,1,3,4.25,5.25,3.28571428571429,3,4,4,3,3.5,3,3,4,3,3,3,4,4,3,"Medizin, Gesundheitswissenschaften, Psychologie",NA,1,3,3,5,"female",21,"7.","5",4.5,3,1
"177",960579910,-0.0369489495346541,20.847,1,1,3.83333333333333,4.58333333333333,1.25,4.42857142857143,5.5,5.4,3.5,3.25,3.375,4,3,1.5,3,2,2,2,4,1,"Medizin, Gesundheitswissenschaften, Psychologie",NA,1,1,2,3,"male",26,"1.","1",3.5,4,1
"178",979927617,-0.152136489281286,58.432,2,1,4,3.66666666666667,4.75,3,5,4.5,4.25,4.5,4.375,6,3,3,3,5,5,3,4,3,"Medizin, Gesundheitswissenschaften, Psychologie",NA,1,2,2,5,"female",21,"5.","3",4.5,3,0
"179",980009697,-0.136830799595721,92.419,5,1,5,3.58333333333333,5.25,3.14285714285714,3.5,4.1,2,2,2,5.5,5,4,2,4,5,3,3,4,"Gesellschafts- und Sozialwissenschaften",NA,1,4,1,5,"female",20,"5.","3",4.5,3,1
"180",986916458,-0.232990032355902,99.609,4,1,4.83333333333333,3.91666666666667,4.5,3.85714285714286,4,4.2,2.75,4.25,3.5,4.5,4,5,1.5,5,5,4,4,4,"Medizin, Gesundheitswissenschaften, Psychologie",NA,1,5,2,5,"female",21,"1.","1",4.2,3,1
"181",990697619,-0.0740640044321835,0,0,0,4.33333333333333,3,3,2.28571428571429,4,3.7,3.25,3.75,3.5,6,3,5,1,4,4,4,3,2,"Sonstiges, und zwar:","Psychologie",3,4,4,5,"female",21,"5.","1",3,3,0
"182",991564617,0.0659811260548628,138.146,3,1,3.5,4.91666666666667,3,3.42857142857143,3,5,4.5,4.75,4.625,5,2,4.5,3,6,2,5,3,1,"Sonstiges, und zwar:","Psychologie",1,6,2,4,"male",23,"1.","2",3.1,3,0
"183",995246762,-0.111863393510148,27.837,3,1,4.83333333333333,2.91666666666667,4,3.14285714285714,4,3.9,2.75,4.5,3.625,4,4,3,1.5,4,3,1,4,3,"Medizin, Gesundheitswissenschaften, Psychologie",NA,1,3,2,5,"female",20,"1.","1",4.5,3,1
"184",996307177,0.0698324519573097,46.651,3,1,5.33333333333333,3.41666666666667,3.5,4.28571428571429,4,4.9,2.25,2.25,2.25,4,4,5,1,5,5,5,4,3,"Sonstiges, und zwar:","Psychologie",3,5,2,5,"male",19,"1.","1",4.1,2,1
